-- -----------------------------------------------------
-- 데이터 `airbnb`.`location`
-- -----------------------------------------------------
INSERT INTO `location` (`name`,`distance`) VALUES ('서울',30);
INSERT INTO `location` (`name`,`distance`) VALUES ('부산',270);
INSERT INTO `location` (`name`,`distance`) VALUES ('광주',240);
INSERT INTO `location` (`name`,`distance`) VALUES ('의정부시',30);
INSERT INTO `location` (`name`,`distance`) VALUES ('수원시',45);
INSERT INTO `location` (`name`,`distance`) VALUES ('대구', 210);
INSERT INTO `location` (`name`,`distance`) VALUES ('울산', 270);
INSERT INTO `location` (`name`,`distance`) VALUES ('대전', 120);
INSERT INTO `location` (`name`,`distance`) VALUES ('부천시', 30);
INSERT INTO `location` (`name`,`distance`) VALUES ('뉴질랜드', 660);

-- -----------------------------------------------------
-- 데이터 `airbnb`.`host`
-- -----------------------------------------------------
INSERT INTO `host` (`id`,`name`) VALUES (1,'Walter'),(2,'Brenda'),(3,'Lunea'),(4,'Ann'),(5,'Virginia'),(6,'Clark'),(7,'Kadeem'),(8,'Brennan'),(9,'Cora'),(10,'Gareth');
INSERT INTO `host` (`id`,`name`) VALUES (11,'Jaime'),(12,'Cally'),(13,'Laura'),(14,'Vaughan'),(15,'Yvette'),(16,'Emi'),(17,'Maggie'),(18,'Colorado'),(19,'Yvette'),(20,'Solomon');
INSERT INTO `host` (`id`,`name`) VALUES (21,'Mckona'),(22,'Forrest'),(23,'Sopoline'),(24,'Merritt'),(25,'Branden'),(26,'Camille'),(27,'Raya'),(28,'Maxwell'),(29,'Cassady'),(30,'Ainsley');
INSERT INTO `host` (`id`,`name`) VALUES (31,'Kristen'),(32,'Hedley'),(33,'Yvonne'),(34,'Cullen'),(35,'Colton'),(36,'Kibo'),(37,'TaShya'),(38,'Ima'),(39,'Oliver'),(40,'Ian');
INSERT INTO `host` (`id`,`name`) VALUES (41,'Dara'),(42,'Uriel'),(43,'Debra'),(44,'Macon'),(45,'Eugenia'),(46,'Nina'),(47,'Nyssa'),(48,'Josiah'),(49,'Nicholas'),(50,'Stone');
INSERT INTO `host` (`id`,`name`) VALUES (51,'Hiroko'),(52,'Peter'),(53,'Lyle'),(54,'Galena'),(55,'Wyoming'),(56,'Curran'),(57,'Wesley'),(58,'Emery'),(59,'Alvin'),(60,'Imogene');
INSERT INTO `host` (`id`,`name`) VALUES (61,'Stewart'),(62,'Colorado'),(63,'Mary'),(64,'Sasha'),(65,'Amanda'),(66,'Graham'),(67,'Kerry'),(68,'Blossom'),(69,'Tanisha'),(70,'Heidi');
INSERT INTO `host` (`id`,`name`) VALUES (71,'Todd'),(72,'Bryar'),(73,'Orlando'),(74,'Lunea'),(75,'Martin'),(76,'Abdul'),(77,'Callie'),(78,'Carl'),(79,'Elaine'),(80,'Jason');
INSERT INTO `host` (`id`,`name`) VALUES (81,'Kieran'),(82,'Dai'),(83,'Quon'),(84,'Igor'),(85,'Reece'),(86,'Hollee'),(87,'Thomas'),(88,'John'),(89,'Tyler'),(90,'Imogene');
INSERT INTO `host` (`id`,`name`) VALUES (91,'Margaret'),(92,'Hasad'),(93,'Malachi'),(94,'Nissim'),(95,'Mallory'),(96,'Hoyt'),(97,'Preston'),(98,'Lucius'),(99,'Desirae'),(100,'Kelly');

-- -----------------------------------------------------
-- 데이터 `airbnb`.`hotel`
-- -----------------------------------------------------
INSERT INTO `hotel` (`id`,`title`,`review_star_point`,`review_number`,`maximum_occupancy`,`number_of_beds`,`number_of_bathrooms`,`is_oneroom`,`description`,`price`,`host_id`) VALUES (1,'Ap #304-2531 Ac Av.',5,583,4,2,1,'0','16920725 5382',207627,90),(2,'1846 Adipiscing Ave',2,616,8,4,3,'1','16620405 5104',177186,88),(3,'4823 Nec Ave',1,569,2,5,3,'0','16021126 9097',254849,33),(4,'P.O. Box 707, 6036 Diam. Rd.',5,689,7,2,3,'1','16660319 6574',21299,49),(5,'5293 Integer St.',4,725,5,3,4,'1','16900804 8218',53407,58),(6,'P.O. Box 105, 6692 Natoque St.',3,607,6,3,3,'0','16500423 5122',114143,29),(7,'Ap #808-799 Phasellus Av.',5,871,8,5,2,'0','16450225 1509',177562,19),(8,'447-9421 Parturient Rd.',1,40,4,5,1,'1','16890907 5072',260300,59),(9,'8193 Sem, Road',3,517,3,5,1,'1','16271003 1101',166546,93),(10,'521-6758 Erat Avenue',5,818,4,3,2,'0','16860814 1001',146991,54);
INSERT INTO `hotel` (`id`,`title`,`review_star_point`,`review_number`,`maximum_occupancy`,`number_of_beds`,`number_of_bathrooms`,`is_oneroom`,`description`,`price`,`host_id`) VALUES (11,'P.O. Box 579, 7431 Neque Street',2,455,4,2,2,'1','16280401 6570',241962,67),(12,'Ap #166-1899 Accumsan Street',1,223,8,4,5,'1','16071014 4346',197140,81),(13,'927-8394 Ultricies Road',1,494,5,4,3,'1','16160526 5980',120008,15),(14,'P.O. Box 632, 4345 Fermentum Av.',3,803,6,2,1,'0','16720426 2666',238620,54),(15,'P.O. Box 402, 2758 Dignissim. Avenue',4,954,2,4,4,'1','16351020 7552',180533,60),(16,'655-4651 Senectus Ave',1,150,8,2,1,'1','16330704 4192',275032,69),(17,'567-7829 Sed Ave',1,123,3,3,4,'1','16770406 2772',112972,90),(18,'935-2008 Pharetra, St.',1,724,7,1,2,'0','16550326 5117',90245,80),(19,'6212 Tellus Road',1,91,7,3,5,'0','16990703 5068',239164,19),(20,'Ap #923-2474 At Rd.',5,510,4,3,4,'0','16830203 8354',132625,55);
INSERT INTO `hotel` (`id`,`title`,`review_star_point`,`review_number`,`maximum_occupancy`,`number_of_beds`,`number_of_bathrooms`,`is_oneroom`,`description`,`price`,`host_id`) VALUES (21,'Ap #147-573 Dictum Rd.',5,140,2,3,4,'1','16360614 7472',119508,65),(22,'P.O. Box 334, 5407 Integer St.',4,835,2,1,5,'1','16830415 8614',59252,33),(23,'408-7168 Placerat. Rd.',3,423,6,1,4,'0','16330212 3561',160228,6),(24,'3131 Lorem Avenue',4,638,4,1,5,'1','16030121 8608',163122,14),(25,'5544 Proin Ave',3,905,3,2,1,'0','16910707 6854',183341,68),(26,'781 At Road',5,103,2,1,1,'1','16811118 3136',214997,30),(27,'Ap #366-8592 Dui. Ave',5,283,3,1,4,'1','16150220 1617',257774,82),(28,'183-1692 Felis Av.',2,673,4,3,1,'0','16540519 4159',87678,78),(29,'801-8705 Vulputate Street',1,894,5,1,2,'1','16080130 5772',228630,10),(30,'356-7253 Penatibus St.',3,172,5,4,5,'0','16341114 3393',236191,99);
INSERT INTO `hotel` (`id`,`title`,`review_star_point`,`review_number`,`maximum_occupancy`,`number_of_beds`,`number_of_bathrooms`,`is_oneroom`,`description`,`price`,`host_id`) VALUES (31,'479-5476 Neque. Ave',5,963,7,2,2,'0','16781125 7232',165174,43),(32,'P.O. Box 960, 691 Aliquam, Ave',2,585,8,5,5,'0','16310629 8221',288615,52),(33,'P.O. Box 627, 7287 Natoque Avenue',5,56,4,3,5,'1','16800103 3011',139431,35),(34,'830-1360 Mauris Rd.',3,220,3,1,5,'0','16970323 5664',194410,98),(35,'753-1046 Magnis Rd.',4,356,6,3,1,'1','16021110 5051',220267,1),(36,'Ap #417-7956 Curabitur Avenue',2,907,4,4,1,'1','16660426 0684',214909,60),(37,'5063 Neque St.',4,959,7,5,2,'0','16430414 1403',24885,13),(38,'174 Vulputate Ave',2,148,2,2,2,'0','16530728 7176',22325,73),(39,'792-2103 Porttitor Ave',3,508,8,2,2,'0','16801107 4138',112661,33),(40,'P.O. Box 767, 9403 Quam Rd.',5,5,8,1,5,'1','16141014 2325',81706,62);
INSERT INTO `hotel` (`id`,`title`,`review_star_point`,`review_number`,`maximum_occupancy`,`number_of_beds`,`number_of_bathrooms`,`is_oneroom`,`description`,`price`,`host_id`) VALUES (41,'8537 Sit Street',1,564,5,5,5,'0','16030805 3883',199264,42),(42,'P.O. Box 361, 8874 Lectus Street',2,809,8,3,5,'1','16201205 2649',254743,87),(43,'Ap #114-1012 Aliquam Rd.',4,551,7,2,1,'1','16890329 8001',265633,47),(44,'183-4519 Tempus Road',3,246,2,1,5,'0','16600127 4767',51499,98),(45,'340-6354 Et Ave',2,654,3,3,3,'1','16491005 3737',246935,56),(46,'Ap #482-6296 Vestibulum St.',5,518,3,3,4,'0','16230429 3828',99041,57),(47,'P.O. Box 468, 7862 A, St.',3,863,3,2,4,'1','16890430 9245',185300,90),(48,'231-2681 Donec Avenue',3,299,5,2,1,'1','16601105 8572',160167,52),(49,'517 Id Rd.',2,969,4,3,2,'0','16981123 7081',153155,60),(50,'661-4345 Proin Rd.',5,689,8,5,2,'0','16491219 3481',38375,59);
INSERT INTO `hotel` (`id`,`title`,`review_star_point`,`review_number`,`maximum_occupancy`,`number_of_beds`,`number_of_bathrooms`,`is_oneroom`,`description`,`price`,`host_id`) VALUES (51,'3555 Mus. Av.',4,236,8,5,4,'1','16081119 3366',239354,72),(52,'980-2076 Erat, Avenue',1,104,6,2,1,'1','16071125 6610',162787,85),(53,'4656 Suscipit, Av.',4,259,2,3,1,'0','16421016 7815',34741,43),(54,'102-7706 Enim Street',2,724,5,5,3,'0','16530602 7540',239328,49),(55,'P.O. Box 604, 8084 Mauris. Ave',4,455,4,2,4,'0','16940322 4364',63155,94),(56,'Ap #949-761 At, Av.',5,376,7,2,1,'1','16091022 1779',267929,64),(57,'772-4879 Viverra. Ave',1,708,6,4,2,'1','16641122 0038',127198,11),(58,'9729 Elit Avenue',4,528,8,4,2,'1','16921223 6534',181952,98),(59,'141-2621 Semper Rd.',5,274,5,1,1,'0','16380428 8680',31040,81),(60,'773-5894 Vehicula Street',3,392,6,1,2,'1','16160814 8084',140421,71);
INSERT INTO `hotel` (`id`,`title`,`review_star_point`,`review_number`,`maximum_occupancy`,`number_of_beds`,`number_of_bathrooms`,`is_oneroom`,`description`,`price`,`host_id`) VALUES (61,'Ap #865-7043 Sodales Rd.',5,740,2,4,3,'0','16650207 9822',253301,20),(62,'Ap #862-7055 Ante, Road',2,265,4,1,5,'0','16010606 3472',86548,40),(63,'Ap #993-9691 Quisque Av.',2,450,4,2,4,'1','16361125 6219',58801,80),(64,'7090 Nam Rd.',2,846,3,4,4,'1','16510206 8011',112308,87),(65,'1440 Porttitor Rd.',2,531,3,2,3,'0','16141224 3030',150332,76),(66,'145-177 Metus Road',3,768,4,5,2,'1','16760529 4458',157074,52),(67,'656-3183 Ut Street',3,292,3,3,1,'1','16120207 3175',235479,41),(68,'894 Magna. Rd.',5,764,6,5,5,'0','16610828 2549',225267,100),(69,'Ap #139-2482 Libero Rd.',5,838,4,4,2,'1','16760219 0881',272858,87),(70,'P.O. Box 921, 244 A, Av.',2,546,4,3,1,'1','16570310 9701',154764,90);
INSERT INTO `hotel` (`id`,`title`,`review_star_point`,`review_number`,`maximum_occupancy`,`number_of_beds`,`number_of_bathrooms`,`is_oneroom`,`description`,`price`,`host_id`) VALUES (71,'Ap #497-2878 Ac, Ave',1,578,5,3,4,'1','16321217 6121',176341,97),(72,'2127 Augue Road',5,483,4,3,2,'1','16740611 8369',201842,52),(73,'479-306 Mauris Street',4,283,2,4,3,'0','16900627 6704',84772,47),(74,'P.O. Box 906, 4026 Erat. Rd.',4,598,2,4,3,'1','16711106 3371',184644,94),(75,'Ap #593-7665 Dui, St.',1,703,6,2,2,'1','16651016 8427',217969,14),(76,'237 Dolor. Rd.',2,258,2,1,1,'1','16580829 7724',144540,61),(77,'840-6953 Adipiscing Street',3,864,7,2,2,'0','16791010 9573',184290,16),(78,'P.O. Box 669, 7464 Sed Ave',5,493,3,4,4,'0','16071129 3266',95159,81),(79,'P.O. Box 833, 3060 Dolor, Rd.',3,262,4,3,3,'1','16780620 1336',238128,5),(80,'Ap #278-199 Semper, Rd.',3,836,2,2,5,'0','16800111 2542',133830,40);
INSERT INTO `hotel` (`id`,`title`,`review_star_point`,`review_number`,`maximum_occupancy`,`number_of_beds`,`number_of_bathrooms`,`is_oneroom`,`description`,`price`,`host_id`) VALUES (81,'P.O. Box 180, 9032 Convallis Road',4,334,6,5,2,'1','16331212 7479',134670,14),(82,'3357 Luctus Rd.',3,178,5,5,5,'1','16140128 6248',234579,83),(83,'Ap #375-3048 Nibh. Av.',3,62,5,1,3,'0','16520622 9105',125116,90),(84,'241-4703 Eget St.',3,418,5,2,3,'1','16500911 5600',265150,11),(85,'P.O. Box 932, 7946 In Rd.',1,755,3,4,3,'0','16051125 1514',145431,3),(86,'679-3522 Fermentum Road',2,350,3,2,2,'0','16440915 6215',241584,56),(87,'Ap #871-7186 Elementum St.',5,342,7,2,1,'1','16380406 3356',252905,43),(88,'Ap #859-769 Lacus. St.',5,21,5,3,3,'0','16940301 1449',22530,91),(89,'8690 Quisque Rd.',1,646,4,1,4,'0','16140924 7051',56923,26),(90,'P.O. Box 252, 2751 Pharetra Street',1,766,4,3,3,'0','16911205 5166',135293,34);
INSERT INTO `hotel` (`id`,`title`,`review_star_point`,`review_number`,`maximum_occupancy`,`number_of_beds`,`number_of_bathrooms`,`is_oneroom`,`description`,`price`,`host_id`) VALUES (91,'Ap #573-2558 Elit St.',2,235,5,3,5,'1','16970325 4715',185608,37),(92,'728-9891 In St.',2,239,8,3,5,'0','16031122 9546',150317,59),(93,'Ap #761-2654 Bibendum Avenue',2,433,7,1,5,'1','16170107 3064',135086,44),(94,'Ap #109-6796 Dui Street',4,383,4,2,4,'1','16320425 3953',253183,29),(95,'P.O. Box 111, 8178 Malesuada Road',5,554,3,5,3,'1','16890408 3725',90241,78),(96,'P.O. Box 488, 9930 Semper Avenue',3,196,2,5,2,'1','16270727 4862',54386,37),(97,'349 Ligula Rd.',1,286,3,5,4,'1','16070608 9331',222967,50),(98,'871-1253 Ultrices, St.',1,387,5,2,4,'0','16400517 8753',275831,7),(99,'2082 Donec St.',4,342,8,4,2,'1','16570324 6081',90737,93),(100,'P.O. Box 470, 650 Phasellus Avenue',2,917,5,5,4,'0','16920722 7647',99598,76);

-- -----------------------------------------------------
-- 데이터 `airbnb`.`coordinate`
-- -----------------------------------------------------
INSERT INTO `coordinate` (`hotel_id`,`x`,`y`) VALUES (1,'-14.46615','136.36383'),(2,'17.19116','-10.36305'),(3,'-46.98546','6.65888'),(4,'-28.68667','170.2035'),(5,'-26.99159','-22.74275'),(6,'84.5053','-60.35993'),(7,'10.26192','-39.49258'),(8,'53.55539','124.68949'),(9,'-33.59442','-83.31463'),(10,'30.41391','-52.98884');
INSERT INTO `coordinate` (`hotel_id`,`x`,`y`) VALUES (11,'17.81506','98.19809'),(12,'-12.70228','-144.89776'),(13,'-45.50199','134.31687'),(14,'-77.66806','0.80552'),(15,'-9.57283','-22.8574'),(16,'46.94493','-57.58287'),(17,'19.36994','-113.47441'),(18,'29.03596','-29.37437'),(19,'-18.79997','-164.70758'),(20,'-35.15119','80.89829');
INSERT INTO `coordinate` (`hotel_id`,`x`,`y`) VALUES (21,'-49.27527','172.47178'),(22,'69.36158','-94.72287'),(23,'-87.56153','127.05374'),(24,'71.0658','-133.15168'),(25,'-68.64287','7.42942'),(26,'-87.91337','-176.57615'),(27,'-38.73301','74.77439'),(28,'-53.77254','143.65551'),(29,'-50.10545','-71.34113'),(30,'21.19229','152.86642');
INSERT INTO `coordinate` (`hotel_id`,`x`,`y`) VALUES (31,'-70.72244','-110.87461'),(32,'-75.4686','122.98758'),(33,'18.26232','25.67263'),(34,'16.47985','-33.55952'),(35,'-76.40051','-36.63186'),(36,'-0.41614','168.35288'),(37,'33.2308','106.38523'),(38,'59.37435','151.89037'),(39,'-50.04698','128.36306'),(40,'28.84851','48.20116');
INSERT INTO `coordinate` (`hotel_id`,`x`,`y`) VALUES (41,'87.95132','53.69134'),(42,'-14.01576','-133.4347'),(43,'26.38124','-43.16589'),(44,'75.60329','35.50207'),(45,'-42.24971','150.10105'),(46,'-48.12978','153.68054'),(47,'8.11972','110.82884'),(48,'67.92113','65.71161'),(49,'69.14497','22.81929'),(50,'59.85282','76.34991');
INSERT INTO `coordinate` (`hotel_id`,`x`,`y`) VALUES (51,'67.32731','173.34448'),(52,'-41.29405','35.00914'),(53,'-39.51502','93.85779'),(54,'42.88084','91.99387'),(55,'-24.20617','138.474'),(56,'86.65584','171.8133'),(57,'-33.69804','172.11484'),(58,'64.82482','164.34802'),(59,'-42.27749','-94.37247'),(60,'19.33818','-153.3526');
INSERT INTO `coordinate` (`hotel_id`,`x`,`y`) VALUES (61,'-85.29807','141.51488'),(62,'66.12708','-140.01611'),(63,'5.80699','33.7346'),(64,'-68.09019','121.17726'),(65,'-80.80536','-12.46783'),(66,'-35.77782','56.38671'),(67,'15.26517','-12.69019'),(68,'28.57772','118.94405'),(69,'29.67525','-39.42434'),(70,'49.9724','-35.36465');
INSERT INTO `coordinate` (`hotel_id`,`x`,`y`) VALUES (71,'59.76238','-36.8885'),(72,'80.75002','59.48814'),(73,'-51.03124','53.84852'),(74,'-69.87044','76.10498'),(75,'85.50097','104.1814'),(76,'-8.19209','-86.93522'),(77,'32.16361','-120.89765'),(78,'55.12732','-40.55614'),(79,'-27.6621','-105.794'),(80,'65.80868','109.78904');
INSERT INTO `coordinate` (`hotel_id`,`x`,`y`) VALUES (81,'80.81508','-156.36829'),(82,'-30.67996','36.26255'),(83,'-14.01589','46.45241'),(84,'40.85301','-122.51059'),(85,'33.99353','15.35415'),(86,'-37.68506','7.01702'),(87,'21.97934','27.62533'),(88,'82.74','69.41947'),(89,'77.24478','122.47092'),(90,'-83.95455','57.34899');
INSERT INTO `coordinate` (`hotel_id`,`x`,`y`) VALUES (91,'23.31915','146.78569'),(92,'-75.4922','25.99154'),(93,'78.01226','16.82549'),(94,'23.62723','-55.98488'),(95,'-38.2921','-145.33221'),(96,'68.90273','-174.88619'),(97,'88.42166','152.0177'),(98,'-82.65521','-67.00511'),(99,'-61.38695','117.77974'),(100,'76.0416','-91.76415');

-- -----------------------------------------------------
-- 데이터 `airbnb`.`user`
-- -----------------------------------------------------
INSERT INTO `user` (`id`,`login`,`wish_list`) VALUES (1,'sit@nonfeugiat.co.uk','4, 3'),(2,'Mauris.quis@ametorciUt.org','9, 5, 7, 8, 3'),(3,'sit@mollis.org','7, 8, 3, 10, 4, 5, 6, 9, 2, 1'),(4,'Sed.molestie.Sed@tinciduntaliquam.org','9, 6, 10, 5, 2, 4'),(5,'convallis.erat@felisadipiscingfringilla.org','3, 8, 5, 9, 7, 6, 2, 4, 1, 10'),(6,'vulputate@risusDonec.org','6, 5, 10, 9, 7, 4, 8, 2, 3'),(7,'amet@blandit.edu','5'),(8,'auctor.quis.tristique@maurisipsumporta.org','2, 4, 6'),(9,'suscipit.nonummy.Fusce@urnaet.edu','3, 5, 2, 4, 7, 6, 10, 9, 1'),(10,'semper.tellus@nunc.net','3');
INSERT INTO `user` (`id`,`login`,`wish_list`) VALUES (11,'Donec.nibh@rutrumjustoPraesent.co.uk','7, 1, 2, 6'),(12,'risus.Donec.egestas@rhoncusid.com','4, 7, 5, 3, 9, 10, 1, 2, 6'),(13,'cursus@Aliquam.net','3, 9'),(14,'eget@egestas.org','5'),(15,'aptent.taciti.sociosqu@Duismi.net','9, 8, 2, 1, 10, 6, 3, 4'),(16,'molestie.Sed.id@tellussemmollis.ca','3'),(17,'eu.erat@hendrerit.com','8, 2, 4, 5'),(18,'felis.Donec.tempor@ametorci.com','2, 1, 5, 3, 4, 8, 10, 9, 6, 7'),(19,'risus.Nulla@etmalesuadafames.net',''),(20,'Etiam.imperdiet.dictum@ipsum.net','9');
INSERT INTO `user` (`id`,`login`,`wish_list`) VALUES (21,'consectetuer@estcongue.co.uk','2, 9, 3, 4, 7, 5, 6'),(22,'sit.amet.massa@nisi.ca','3, 5, 7, 2, 4'),(23,'Fusce@famesacturpis.net','8, 3, 5, 1'),(24,'ipsum@eu.com','1, 7'),(25,'imperdiet.erat@Nullam.ca','4, 9, 2, 3, 5, 1, 8, 6, 7, 10'),(26,'felis@faucibusid.net','4, 1, 6, 10, 7'),(27,'luctus@nonvestibulumnec.co.uk','1, 6, 8, 7, 10, 2, 9'),(28,'adipiscing.elit.Aliquam@urna.com','10, 1, 2, 4, 7, 9, 5, 6'),(29,'Fusce.mi.lorem@Aliquam.edu','5, 7, 8, 3, 10, 1, 2, 4'),(30,'vulputate.ullamcorper.magna@tincidunttempusrisus.edu','9, 6');
INSERT INTO `user` (`id`,`login`,`wish_list`) VALUES (31,'lorem.sit.amet@tristique.co.uk',''),(32,'gravida.sit.amet@estcongue.org','8, 4, 9, 3'),(33,'magnis.dis.parturient@Phasellus.com','4, 9, 8, 1, 7, 3, 5, 2'),(34,'orci@asollicitudinorci.edu','4, 5, 3, 9, 6, 2, 7, 1'),(35,'massa.Quisque.porttitor@Sed.com','4, 2, 6, 5'),(36,'Proin@porttitortellus.ca','10, 3, 8'),(37,'in@mattis.com','9, 6, 7, 1'),(38,'molestie@penatibusetmagnis.net','5, 3, 1, 6, 10, 7, 8, 2'),(39,'ornare.elit.elit@enimEtiamgravida.edu','3, 8, 5, 9, 7, 10, 1, 6, 2'),(40,'ac.eleifend@adipiscinglobortisrisus.edu','5');
INSERT INTO `user` (`id`,`login`,`wish_list`) VALUES (41,'arcu.iaculis.enim@sed.edu','10, 5, 1, 8'),(42,'ante.iaculis.nec@egestasDuis.ca','3, 7, 8, 1, 9, 5, 2, 4, 6'),(43,'interdum@nibhvulputatemauris.co.uk','9'),(44,'nibh.vulputate@venenatisvelfaucibus.org',''),(45,'amet@lorem.com','2, 3, 8, 7, 10'),(46,'rutrum.justo@eget.co.uk','10, 4, 2'),(47,'non.justo.Proin@egestasligula.com','4, 1, 3, 10, 6, 2, 5'),(48,'fringilla.purus@CuraePhasellus.com','7, 8, 10, 3, 4, 9, 2, 1, 6'),(49,'scelerisque@loremDonec.ca','2, 1, 5, 6, 9'),(50,'orci.in@vulputaterisusa.org','4, 5');
INSERT INTO `user` (`id`,`login`,`wish_list`) VALUES (51,'ligula.tortor.dictum@loremsit.net','9, 10, 3, 2, 5'),(52,'porttitor.scelerisque.neque@eu.com','10, 3, 7, 8, 5, 6, 2, 9'),(53,'eleifend.non.dapibus@ipsumSuspendisse.org','1, 8'),(54,'nisi.Mauris@diam.co.uk','7, 1'),(55,'Nam.interdum@aliquameros.org','7, 4, 5, 9, 1, 6, 3, 2, 10, 8'),(56,'cursus.vestibulum.Mauris@acorci.org','3, 10, 4, 8, 7, 2, 6, 5, 9, 1'),(57,'blandit.enim@lacus.net','4, 7, 9, 10, 3'),(58,'turpis.Nulla.aliquet@nec.com','10, 6, 2, 9, 1, 3, 7, 8, 4'),(59,'porttitor.scelerisque@Aenean.com','3, 8, 9, 4, 10, 7, 5'),(60,'ultrices.Duis.volutpat@temporeratneque.edu','2, 9, 10, 8, 1, 3, 4, 7, 6');
INSERT INTO `user` (`id`,`login`,`wish_list`) VALUES (61,'Donec.felis@auctorMaurisvel.com','4, 8, 5'),(62,'imperdiet.ornare.In@aaliquetvel.com','4, 6, 1, 8, 7, 5, 9'),(63,'eget@eueuismod.net','1, 10, 4, 5, 8'),(64,'malesuada@nasceturridiculusmus.org','8, 3, 9, 6, 2, 7, 5'),(65,'pretium.aliquet@ut.com','9'),(66,'Class.aptent@arcuNuncmauris.edu',''),(67,'a@volutpatnuncsit.ca','10, 9, 8, 7'),(68,'Nunc.ac.sem@mauriseuelit.com','8, 10, 7, 6, 3, 4, 1, 2, 9'),(69,'ultrices.posuere@idsapien.org','1, 2, 5, 10'),(70,'faucibus.id.libero@risus.ca','2, 8, 4, 5, 1, 10, 3');
INSERT INTO `user` (`id`,`login`,`wish_list`) VALUES (71,'pede.malesuada.vel@gravidasit.com','8, 10, 6, 7, 5, 4'),(72,'massa@nonummyipsum.ca','7, 10, 1, 8, 4, 9'),(73,'sit.amet.dapibus@pede.com','2, 4, 1, 8, 9, 5, 10, 6, 3'),(74,'mauris.sagittis@molestie.net','10'),(75,'Suspendisse@vitae.net','6, 8, 1, 9, 5, 3, 4'),(76,'tincidunt.orci.quis@lacus.net','8, 10'),(77,'mollis@molestietellus.com','9, 8, 10, 2, 1'),(78,'risus@et.com','10, 9, 1'),(79,'purus.Duis.elementum@Aliquamfringillacursus.net','9, 2, 8, 3, 6, 10, 1, 4, 7, 5'),(80,'et.malesuada.fames@atpede.edu','6, 1, 2, 5, 9, 3, 4');
INSERT INTO `user` (`id`,`login`,`wish_list`) VALUES (81,'elit@disparturientmontes.edu',''),(82,'magnis.dis@vestibulummassarutrum.org','2, 9, 1'),(83,'sem@nunc.com','5'),(84,'metus.facilisis@Curabitur.ca','7, 6, 1, 2'),(85,'Nam.tempor@sedfacilisisvitae.edu','1, 2, 6, 8'),(86,'tellus@antedictumcursus.net','4, 3, 5, 7, 6'),(87,'nisi.Mauris.nulla@amagna.com',''),(88,'Cras.eu@tortordictumeu.com',''),(89,'luctus.ut.pellentesque@Quisqueornare.co.uk','1, 7, 5, 2, 3'),(90,'dignissim@ametconsectetuer.org','3, 5, 6, 1, 9, 7, 4, 2, 8');
INSERT INTO `user` (`id`,`login`,`wish_list`) VALUES (91,'lacus.Aliquam.rutrum@nec.edu','3, 7, 6, 2'),(92,'libero.Proin@leoelementumsem.org','8, 1, 10, 3, 7, 5, 9, 2, 4'),(93,'vitae.odio.sagittis@magnaUt.net','1, 6'),(94,'Morbi@imperdietornareIn.ca','5, 8, 9, 3, 1, 7, 6'),(95,'porttitor@vitaeorci.net','8, 4, 6, 1, 2, 9, 3, 5'),(96,'ipsum.nunc.id@felis.com','10, 7, 9, 3, 6, 2, 5, 8, 1'),(97,'mauris@Vivamusmolestiedapibus.com','8, 2, 1, 4, 5'),(98,'sapien@aultriciesadipiscing.com',''),(99,'arcu.vel@eueleifendnec.com','2, 5, 6, 4, 3, 7, 10, 8'),(100,'mauris.sit@nisinibhlacinia.org','1, 5, 4, 7, 9, 2, 3');
