-- -----------------------------------------------------
-- 데이터 `airbnb`.`location`
-- -----------------------------------------------------
INSERT INTO `location` (`name`,`avatar_url`,`distance`,`x`,`y`) VALUES ('서울','https://user-images.githubusercontent.com/59721293/119633209-9d99aa80-be65-11eb-9fae-9d70c331efed.png',30,37.5637733,126.8340021);
INSERT INTO `location` (`name`,`avatar_url`,`distance`,`x`,`y`) VALUES ('부산','https://user-images.githubusercontent.com/59721293/119633189-9a9eba00-be65-11eb-85b4-a18dbcfca40a.png',270,37.5004448,126.7499805);
INSERT INTO `location` (`name`,`avatar_url`,`distance`,`x`,`y`) VALUES ('광주','https://user-images.githubusercontent.com/59721293/119633196-9c687d80-be65-11eb-9933-eb4175799d0b.png',240,37.7325448,127.0278805);
INSERT INTO `location` (`name`,`avatar_url`,`distance`,`x`,`y`) VALUES ('의정부시','https://user-images.githubusercontent.com/59721293/119633200-9d011400-be65-11eb-8aed-9c2685ed7afa.png',30,37.2787948,126.9908305);
INSERT INTO `location` (`name`,`avatar_url`,`distance`,`x`,`y`) VALUES ('수원시','https://user-images.githubusercontent.com/59721293/119633202-9d99aa80-be65-11eb-8de4-45868049f562.png',45,36.3730796,127.31876);
INSERT INTO `location` (`name`,`avatar_url`,`distance`,`x`,`y`) VALUES ('대구','https://user-images.githubusercontent.com/59721293/119633212-9e324100-be65-11eb-93ed-fec918ad8edd.png',210,35.8797297,128.49666);
INSERT INTO `location` (`name`,`avatar_url`,`distance`,`x`,`y`) VALUES ('울산','https://user-images.githubusercontent.com/59721293/119633213-9ecad780-be65-11eb-804a-b5309ba0d393.png',270,35.1766798,126.7737599);
INSERT INTO `location` (`name`,`avatar_url`,`distance`,`x`,`y`) VALUES ('대전','https://user-images.githubusercontent.com/59721293/119633214-9ecad780-be65-11eb-8de7-cbc1222659a6.png',120,35.1643694,128.9317155);
INSERT INTO `location` (`name`,`avatar_url`,`distance`,`x`,`y`) VALUES ('부천시','https://user-images.githubusercontent.com/59721293/119633202-9d99aa80-be65-11eb-8de4-45868049f562.png',30,35.5620297,129.28146);
INSERT INTO `location` (`name`,`avatar_url`,`distance`,`x`,`y`) VALUES ('뉴질랜드','https://user-images.githubusercontent.com/59721293/119634791-311fab00-be67-11eb-8baf-a7549197d4a8.jpg',660,-40.4500308,166.3215814);

-- -----------------------------------------------------
-- 데이터 `airbnb`.`host`
-- -----------------------------------------------------
INSERT INTO `host` (`id`,`name`) VALUES (1,'Walter'),(2,'Brenda'),(3,'Lunea'),(4,'Ann'),(5,'Virginia'),(6,'Clark'),(7,'Kadeem'),(8,'Brennan'),(9,'Cora'),(10,'Gareth');
INSERT INTO `host` (`id`,`name`) VALUES (11,'Jaime'),(12,'Cally'),(13,'Laura'),(14,'Vaughan'),(15,'Yvette'),(16,'Emi'),(17,'Maggie'),(18,'Colorado'),(19,'Yvette'),(20,'Solomon');
INSERT INTO `host` (`id`,`name`) VALUES (21,'Mckona'),(22,'Forrest'),(23,'Sopoline'),(24,'Merritt'),(25,'Branden'),(26,'Camille'),(27,'Raya'),(28,'Maxwell'),(29,'Cassady'),(30,'Ainsley');
INSERT INTO `host` (`id`,`name`) VALUES (31,'Kristen'),(32,'Hedley'),(33,'Yvonne'),(34,'Cullen'),(35,'Colton'),(36,'Kibo'),(37,'TaShya'),(38,'Ima'),(39,'Oliver'),(40,'Ian');
INSERT INTO `host` (`id`,`name`) VALUES (41,'Dara'),(42,'Uriel'),(43,'Debra'),(44,'Macon'),(45,'Eugenia'),(46,'Nina'),(47,'Nyssa'),(48,'Josiah'),(49,'Nicholas'),(50,'Stone');
INSERT INTO `host` (`id`,`name`) VALUES (51,'Hiroko'),(52,'Peter'),(53,'Lyle'),(54,'Galena'),(55,'Wyoming'),(56,'Curran'),(57,'Wesley'),(58,'Emery'),(59,'Alvin'),(60,'Imogene');
INSERT INTO `host` (`id`,`name`) VALUES (61,'Stewart'),(62,'Colorado'),(63,'Mary'),(64,'Sasha'),(65,'Amanda'),(66,'Graham'),(67,'Kerry'),(68,'Blossom'),(69,'Tanisha'),(70,'Heidi');
INSERT INTO `host` (`id`,`name`) VALUES (71,'Todd'),(72,'Bryar'),(73,'Orlando'),(74,'Lunea'),(75,'Martin'),(76,'Abdul'),(77,'Callie'),(78,'Carl'),(79,'Elaine'),(80,'Jason');
INSERT INTO `host` (`id`,`name`) VALUES (81,'Kieran'),(82,'Dai'),(83,'Quon'),(84,'Igor'),(85,'Reece'),(86,'Hollee'),(87,'Thomas'),(88,'John'),(89,'Tyler'),(90,'Imogene');
INSERT INTO `host` (`id`,`name`) VALUES (91,'Margaret'),(92,'Hasad'),(93,'Malachi'),(94,'Nissim'),(95,'Mallory'),(96,'Hoyt'),(97,'Preston'),(98,'Lucius'),(99,'Desirae'),(100,'Kelly');

-- -----------------------------------------------------
-- 데이터 `airbnb`.`hotel`
-- -----------------------------------------------------
INSERT INTO `hotel` (`id`,`image_url`,`title`,`review_star_point`,`review_count`,`maximum_occupancy`,`number_of_beds`,`number_of_bathrooms`,`is_oneroom`,`description`,`price`,`host_id`) VALUES (1,'https://user-images.githubusercontent.com/59721293/119637902-3d593780-be6a-11eb-89b2-b6e61ef28b1d.png, https://www.thespruce.com/thmb/EvdqR5HNV6Ev9RBv8qGqHNE8DoM=/3636x2045/smart/filters:no_upscale()/how-to-arrange-living-room-furniture-1976578-hero-c99074dcad854b669b91652046a39203.jpg, https://cdn.styleblueprint.com/wp-content/uploads/2015/12/SB-ATL-ZookHome-9-e1538165814448.jpg, https://hips.hearstapps.com/hmg-prod.s3.amazonaws.com/images/bedroom-makeover-ideas-built-in-bed-1604596141.jpg, https://room-matehotels.com/images/img/filippo/principales/slider_02small.jpg, https://hips.hearstapps.com/hmg-prod.s3.amazonaws.com/images/family-room-ideas-hbx0613000a-1611614336.jpg, https://media-cdn.tripadvisor.com/media/photo-s/13/d8/ea/1b/a-room-at-the-beach.jpg','Kurgan Oblast',1,399,8,2,1,'0','(667) 527-8701',138553,1),(2,'Thane','BY',1,513,4,4,4,'0','(162) 845-5286',241021,2),(3,'Phelan','Munster',1,473,5,1,1,'1','(555) 505-1753',43758,3),(4,'Gareth','Jalisco',1,89,7,2,2,'0','(808) 856-1254',298667,4),(5,'Finn','NI',4,273,3,1,1,'1','(480) 712-0012',99021,5),(6,'Paki','DC',2,157,3,4,4,'1','(170) 701-5439',231757,6),(7,'Hamish','Atacama',1,815,3,1,3,'0','(340) 259-9303',175214,7),(8,'Len','KA',3,44,4,1,3,'0','(373) 806-2345',167570,8),(9,'Akeem','Vlaams-Brabant',4,38,3,4,4,'0','(309) 794-7222',56429,9),(10,'Ethan','Novosibirsk Oblast',2,583,5,4,2,'0','(670) 537-2912',225684,10);
INSERT INTO `hotel` (`id`,`image_url`,`title`,`review_star_point`,`review_count`,`maximum_occupancy`,`number_of_beds`,`number_of_bathrooms`,`is_oneroom`,`description`,`price`,`host_id`) VALUES (11,'Steven','Victoria',3,292,8,2,2,'1','(596) 152-6892',200084,11),(12,'Raymond','Quebec',3,58,2,4,2,'0','(805) 127-0689',159683,12),(13,'Phelan','Noord Holland',2,832,3,2,2,'0','(272) 757-5813',240546,13),(14,'Herrod','Adana',3,63,8,2,3,'0','(838) 400-4768',105402,14),(15,'Nicholas','Västra Götalands län',2,553,5,3,3,'0','(200) 281-0254',129014,15),(16,'Sawyer','ATL',4,111,8,3,1,'1','(215) 212-7177',175977,16),(17,'Channing','SL',5,19,6,4,1,'1','(441) 330-5856',152422,17),(18,'Macon','Andalucía',2,22,7,4,4,'1','(573) 856-0818',278206,18),(19,'Bradley','Campania',2,452,6,2,3,'1','(521) 791-3315',171270,19),(20,'Gary','Belgorod Oblast',1,616,2,3,1,'1','(710) 297-5732',102285,20);
INSERT INTO `hotel` (`id`,`image_url`,`title`,`review_star_point`,`review_count`,`maximum_occupancy`,`number_of_beds`,`number_of_bathrooms`,`is_oneroom`,`description`,`price`,`host_id`) VALUES (21,'Aquila','Ist',1,973,5,1,2,'1','(394) 787-9986',45371,21),(22,'Tad','ORE',4,324,7,4,4,'0','(798) 319-0151',92505,22),(23,'Octavius','Gaz',3,461,7,4,2,'1','(654) 633-6919',53218,23),(24,'Roth','WA',4,354,8,1,3,'1','(506) 622-1109',257794,24),(25,'Michael','HH',5,335,8,3,4,'0','(540) 723-8593',117712,25),(26,'Stephen','Stockholms län',3,715,5,3,4,'1','(485) 528-2319',77134,26),(27,'Mark','PB',2,387,5,4,3,'1','(292) 671-1153',167099,27),(28,'Warren','Biobío',2,646,7,1,4,'0','(515) 769-9902',272829,28),(29,'Jeremy','GJ',2,207,4,2,2,'0','(255) 853-5107',286189,29),(30,'Hedley','Wie',4,297,5,3,1,'0','(234) 348-8221',185337,30);
INSERT INTO `hotel` (`id`,`image_url`,`title`,`review_star_point`,`review_count`,`maximum_occupancy`,`number_of_beds`,`number_of_bathrooms`,`is_oneroom`,`description`,`price`,`host_id`) VALUES (31,'Mohammad','AB',4,324,7,3,1,'1','(611) 533-7590',147491,31),(32,'Fuller','İzm',2,602,5,1,2,'0','(166) 820-9820',48311,32),(33,'Vladimir','British Columbia',5,947,7,3,2,'0','(141) 958-5704',57948,33),(34,'Aladdin','RM',3,130,4,1,4,'1','(188) 559-8807',280651,34),(35,'Rogan','Volgograd Oblast',5,581,2,1,3,'0','(588) 598-6914',215237,35),(36,'Silas','KY',5,861,5,3,2,'0','(332) 368-7463',219394,36),(37,'Dean','Drenthe',1,669,3,2,2,'0','(786) 622-9201',95605,37),(38,'Ferris','Katsina',4,68,3,1,3,'1','(857) 920-3807',77184,38),(39,'Jesse','Ontario',3,923,8,1,1,'1','(369) 332-1531',244598,39),(40,'Kibo','WP',2,244,3,2,4,'0','(532) 511-6180',238591,40);
INSERT INTO `hotel` (`id`,`image_url`,`title`,`review_star_point`,`review_count`,`maximum_occupancy`,`number_of_beds`,`number_of_bathrooms`,`is_oneroom`,`description`,`price`,`host_id`) VALUES (41,'Cade','ATL',4,204,8,4,4,'1','(944) 904-7403',245010,41),(42,'Colin','San José',4,761,3,4,2,'0','(X25) X21-1620',81334,42),(43,'Troy','NI',1,710,7,2,4,'1','(122) 702-0143',93339,43),(44,'Victor','Yucatán',2,881,4,2,1,'0','(150) 864-6426',121876,44),(45,'Lionel','Île-de-France',4,512,5,3,1,'0','(705) 996-6459',258021,45),(46,'Perry','Van',1,127,5,4,2,'0','(846) 243-1586',39496,46),(47,'Cullen','PO',4,84,7,2,4,'1','(587) 958-9795',96709,47),(48,'Damian','Västra Götalands län',1,104,5,3,3,'1','(618) 297-0981',170610,48),(49,'Wang','N.',1,271,6,2,1,'0','(191) 802-2980',91759,49),(50,'Jamal','Rajasthan',1,734,5,1,2,'0','(839) 950-5351',126484,50);
INSERT INTO `hotel` (`id`,`image_url`,`title`,`review_star_point`,`review_count`,`maximum_occupancy`,`number_of_beds`,`number_of_bathrooms`,`is_oneroom`,`description`,`price`,`host_id`) VALUES (51,'Gannon','CU',2,45,4,2,2,'1','(330) 892-9112',146527,51),(52,'Steven','West Sumatra',5,806,5,1,3,'0','(337) 358-0092',201498,52),(53,'Graiden','Alajuela',4,225,8,2,1,'0','(X24) X52-9089',38071,53),(54,'Bradley','MG',3,271,3,1,4,'1','(309) 699-3982',226601,54),(55,'Kaseem','PE',4,590,7,1,3,'1','(154) 376-0269',295163,55),(56,'Stuart','SU',2,884,2,1,4,'0','(387) 725-5047',252574,56),(57,'Vance','Midlothian',5,634,2,4,1,'1','(331) 600-7533',82201,57),(58,'Hayden','Saratov Oblast',3,441,6,3,1,'0','(900) 125-1602',148639,58),(59,'Lionel','Gye',3,427,8,3,4,'0','(407) 875-0751',266838,59),(60,'Keith','AN',2,927,2,1,1,'0','(608) 241-2948',144588,60);
INSERT INTO `hotel` (`id`,`image_url`,`title`,`review_star_point`,`review_count`,`maximum_occupancy`,`number_of_beds`,`number_of_bathrooms`,`is_oneroom`,`description`,`price`,`host_id`) VALUES (61,'Yoshio','Saarland',4,789,4,2,4,'1','(703) 461-1478',146657,61),(62,'Cedric','Oyo',4,966,6,2,3,'1','(264) 809-9484',251242,62),(63,'Rigel','Saskatchewan',5,569,2,4,3,'0','(904) 366-0764',263029,63),(64,'Zephania','SP',4,787,2,1,3,'1','(246) 232-4097',45778,64),(65,'Daquan','Gyeonggi',2,426,8,3,2,'1','(460) 623-4876',179074,65),(66,'Ivan','SI',5,880,5,3,4,'0','(212) 231-4988',227641,66),(67,'Rahim','U.',1,688,7,3,1,'1','(825) 253-4071',124121,67),(68,'Bruno','Amur Oblast',5,200,7,2,3,'1','(113) 104-7059',60828,68),(69,'Leroy','Sindh',1,622,8,2,1,'1','(974) 441-6035',105726,69),(70,'Caleb','Manitoba',1,46,6,3,4,'1','(634) 382-2373',190658,70);
INSERT INTO `hotel` (`id`,`image_url`,`title`,`review_star_point`,`review_count`,`maximum_occupancy`,`number_of_beds`,`number_of_bathrooms`,`is_oneroom`,`description`,`price`,`host_id`) VALUES (71,'Holmes','Fr',2,988,6,1,1,'1','(709) 611-9001',286398,71),(72,'Lionel','Valparaíso',4,874,3,2,4,'0','(191) 282-8073',144420,72),(73,'Ashton','Wie',1,820,5,1,2,'1','(502) 198-4549',105187,73),(74,'Reese','Madhya Pradesh',4,539,4,3,4,'1','(824) 972-8483',263214,74),(75,'Reese','VII',1,848,6,3,2,'0','(938) 258-5456',193090,75),(76,'Hyatt','ERM',2,393,6,4,3,'1','(275) 357-6592',231539,76),(77,'Kane','Jalisco',4,174,5,2,1,'0','(415) 779-2218',117077,77),(78,'Timon','Waals-Brabant',4,543,5,1,3,'1','(695) 829-1558',148747,78),(79,'Melvin','WB',1,565,7,1,1,'1','(650) 564-2264',279915,79),(80,'Benedict','BL',2,656,7,4,3,'0','(413) 966-1626',185115,80);
INSERT INTO `hotel` (`id`,`image_url`,`title`,`review_star_point`,`review_count`,`maximum_occupancy`,`number_of_beds`,`number_of_bathrooms`,`is_oneroom`,`description`,`price`,`host_id`) VALUES (81,'Tanek','São Paulo',3,556,3,3,4,'1','(303) 456-7899',183756,81),(82,'Porter','ON',4,547,6,4,3,'0','(613) 792-5343',139257,82),(83,'Alden','Gan',4,611,3,4,3,'1','(982) 572-1601',272906,83),(84,'Dorian','Vienna',2,927,2,4,3,'1','(833) 595-9980',37784,84),(85,'Wayne','L.',5,960,8,4,2,'1','(686) 417-8684',257847,85),(86,'George','KA',1,50,3,4,4,'0','(619) 286-9797',95809,86),(87,'Peter','ATL',1,752,7,2,2,'1','(414) 553-7234',250953,87),(88,'Kareem','Opolskie',2,342,7,3,4,'1','(386) 141-0761',112675,88),(89,'Richard','PI',1,720,3,3,1,'0','(973) 683-5023',66138,89),(90,'Ferdinand','Tamil Nadu',3,247,8,2,3,'1','(632) 607-8440',188092,90);
INSERT INTO `hotel` (`id`,`image_url`,`title`,`review_star_point`,`review_count`,`maximum_occupancy`,`number_of_beds`,`number_of_bathrooms`,`is_oneroom`,`description`,`price`,`host_id`) VALUES (91,'Samson','SJ',4,497,6,3,1,'1','(X25) X69-6678',35965,91),(92,'Valentine','Hidalgo',4,881,2,4,4,'0','(176) 176-3802',68776,92),(93,'Arsenio','Gye',2,572,6,3,3,'0','(506) 996-0573',128087,93),(94,'Kermit','Pue',1,316,2,4,1,'0','(777) 136-2609',47079,94),(95,'Hoyt','Nevada',5,111,2,4,1,'0','(752) 362-8158',186886,95),(96,'Aladdin','Ver',2,842,2,1,4,'1','(624) 266-3780',209128,96),(97,'Paki','WP',4,828,4,4,2,'1','(331) 630-5979',116835,97),(98,'Harrison','GL',1,143,6,2,1,'0','(520) 182-2262',294528,98),(99,'Hayden','Morayshire',2,37,3,1,4,'1','(861) 653-9553',143062,99),(100,'Duncan','KS',1,626,6,3,2,'0','(225) 109-1638',30485,100);

-- -----------------------------------------------------
-- 데이터 `airbnb`.`coordinate`
-- -----------------------------------------------------
INSERT INTO `coordinate` (`hotel_id`,`x`,`y`) VALUES (1,37.4994890,127.0246178),(2,37.4901685,127.0656693),(3,37.4989101,127.0952882),(4,37.4980267,127.0383450),(5,37.4969792,127.0249395),(6,37.4943096,127.0473849),(7,37.4976970,127.0602738),(8,37.4940231,127.1042308),(9,37.4977272,127.0685914),(10,37.4904571,127.0176000);
INSERT INTO `coordinate` (`hotel_id`,`x`,`y`) VALUES (11,37.4984301,127.0858711),(12,37.4948804,127.1027377),(13,37.4983890,127.0610374),(14,37.4987522,127.0999132),(15,37.4925555,127.0530759),(16,37.4978167,127.0216553),(17,37.4927802,127.0912567),(18,37.4903997,127.0533488),(19,37.4939763,127.0645475),(20,37.4957357,127.0801184);
INSERT INTO `coordinate` (`hotel_id`,`x`,`y`) VALUES (21,37.4947159,127.0467190),(22,37.4973229,127.0753169),(23,37.4940941,127.0555017),(24,37.4918068,127.0583772),(25,37.4960820,127.0724179),(26,37.4963612,127.0707412),(27,37.4940709,127.0957956),(28,37.4998645,127.0755965),(29,37.4937522,127.0430232),(30,37.4996729,127.0914767);
INSERT INTO `coordinate` (`hotel_id`,`x`,`y`) VALUES (31,37.4931524,127.0508218),(32,37.4956063,127.0526398),(33,37.4918429,127.0605774),(34,37.4935557,127.0606219),(35,37.4937136,127.0124786),(36,37.4992702,127.0237638),(37,37.4924703,127.0353464),(38,37.4938487,127.0902673),(39,37.4911168,127.0365166),(40,37.4992668,127.0915006);
INSERT INTO `coordinate` (`hotel_id`,`x`,`y`) VALUES (41,37.4907258,127.0857530),(42,37.4942482,127.0474661),(43,37.4993781,127.0472613),(44,37.4909059,127.0264646),(45,37.4936618,127.0279205),(46,37.4911399,127.0318104),(47,37.4903653,127.0665000),(48,37.4962939,127.0964700),(49,37.4945197,127.0150936),(50,37.4994991,127.0604124);
INSERT INTO `coordinate` (`hotel_id`,`x`,`y`) VALUES (51,37.4955407,127.0279979),(52,37.4984952,127.0336801),(53,37.4914824,127.0161164),(54,37.4925678,127.0369061),(55,37.4912401,127.0964051),(56,37.4952715,127.0241032),(57,37.4942993,127.0523525),(58,37.4969760,127.0578190),(59,37.4970805,127.0334860),(60,37.4952541,127.0144801);
INSERT INTO `coordinate` (`hotel_id`,`x`,`y`) VALUES (61,37.4900040,127.0573125),(62,37.4916474,127.0953565),(63,37.4991645,127.0324921),(64,37.4906986,127.0307394),(65,37.4917089,127.0369275),(66,37.4933425,127.0225037),(67,37.4958063,127.0374888),(68,37.4900201,127.0292898),(69,37.4958568,127.0801707),(70,37.4927933,127.0683282);
INSERT INTO `coordinate` (`hotel_id`,`x`,`y`) VALUES (71,37.4934577,127.0700213),(72,37.4982826,127.0514502),(73,37.4905331,127.0774435),(74,37.4919266,127.0978931),(75,37.4986807,127.0357032),(76,37.4964751,127.0419863),(77,37.4919044,127.1044215),(78,37.4958988,127.1088002),(79,37.4925239,127.0481515),(80,37.4984910,127.0994594);
INSERT INTO `coordinate` (`hotel_id`,`x`,`y`) VALUES (81,37.4992072,127.0238369),(82,37.4964110,127.0744131),(83,37.4994170,127.1027803),(84,37.4967043,127.0608069),(85,37.4919129,127.0403070),(86,37.4918504,127.0942218),(87,37.4972394,127.0766192),(88,37.4974581,127.0659678),(89,37.4979703,127.0328088),(90,37.4958122,127.0157274);
INSERT INTO `coordinate` (`hotel_id`,`x`,`y`) VALUES (91,37.4931886,127.0393633),(92,37.4967302,127.0752264),(93,37.4940639,127.0899598),(94,37.4969992,127.0807236),(95,37.4951538,127.0622976),(96,37.4908018,127.0434668),(97,37.4940005,127.0591428),(98,37.4993514,127.0434328),(99,37.4907056,127.0113806),(100,37.4966778,127.0996582);

-- -----------------------------------------------------
-- 데이터 `airbnb`.`user`
-- -----------------------------------------------------
INSERT INTO `user` (`id`,`login`,`wish_list`) VALUES (1,'sit@nonfeugiat.co.uk','4, 3'),(2,'Mauris.quis@ametorciUt.org','9, 5, 7, 8, 3'),(3,'sit@mollis.org','7, 8, 3, 10, 4, 5, 6, 9, 2, 1'),(4,'Sed.molestie.Sed@tinciduntaliquam.org','9, 6, 10, 5, 2, 4'),(5,'convallis.erat@felisadipiscingfringilla.org','3, 8, 5, 9, 7, 6, 2, 4, 1, 10'),(6,'vulputate@risusDonec.org','6, 5, 10, 9, 7, 4, 8, 2, 3'),(7,'amet@blandit.edu','5'),(8,'auctor.quis.tristique@maurisipsumporta.org','2, 4, 6'),(9,'suscipit.nonummy.Fusce@urnaet.edu','3, 5, 2, 4, 7, 6, 10, 9, 1'),(10,'semper.tellus@nunc.net','3');
INSERT INTO `user` (`id`,`login`,`wish_list`) VALUES (11,'Donec.nibh@rutrumjustoPraesent.co.uk','7, 1, 2, 6'),(12,'risus.Donec.egestas@rhoncusid.com','4, 7, 5, 3, 9, 10, 1, 2, 6'),(13,'cursus@Aliquam.net','3, 9'),(14,'eget@egestas.org','5'),(15,'aptent.taciti.sociosqu@Duismi.net','9, 8, 2, 1, 10, 6, 3, 4'),(16,'molestie.Sed.id@tellussemmollis.ca','3'),(17,'eu.erat@hendrerit.com','8, 2, 4, 5'),(18,'felis.Donec.tempor@ametorci.com','2, 1, 5, 3, 4, 8, 10, 9, 6, 7'),(19,'risus.Nulla@etmalesuadafames.net',''),(20,'Etiam.imperdiet.dictum@ipsum.net','9');
INSERT INTO `user` (`id`,`login`,`wish_list`) VALUES (21,'consectetuer@estcongue.co.uk','2, 9, 3, 4, 7, 5, 6'),(22,'sit.amet.massa@nisi.ca','3, 5, 7, 2, 4'),(23,'Fusce@famesacturpis.net','8, 3, 5, 1'),(24,'ipsum@eu.com','1, 7'),(25,'imperdiet.erat@Nullam.ca','4, 9, 2, 3, 5, 1, 8, 6, 7, 10'),(26,'felis@faucibusid.net','4, 1, 6, 10, 7'),(27,'luctus@nonvestibulumnec.co.uk','1, 6, 8, 7, 10, 2, 9'),(28,'adipiscing.elit.Aliquam@urna.com','10, 1, 2, 4, 7, 9, 5, 6'),(29,'Fusce.mi.lorem@Aliquam.edu','5, 7, 8, 3, 10, 1, 2, 4'),(30,'vulputate.ullamcorper.magna@tincidunttempusrisus.edu','9, 6');
INSERT INTO `user` (`id`,`login`,`wish_list`) VALUES (31,'lorem.sit.amet@tristique.co.uk',''),(32,'gravida.sit.amet@estcongue.org','8, 4, 9, 3'),(33,'magnis.dis.parturient@Phasellus.com','4, 9, 8, 1, 7, 3, 5, 2'),(34,'orci@asollicitudinorci.edu','4, 5, 3, 9, 6, 2, 7, 1'),(35,'massa.Quisque.porttitor@Sed.com','4, 2, 6, 5'),(36,'Proin@porttitortellus.ca','10, 3, 8'),(37,'in@mattis.com','9, 6, 7, 1'),(38,'molestie@penatibusetmagnis.net','5, 3, 1, 6, 10, 7, 8, 2'),(39,'ornare.elit.elit@enimEtiamgravida.edu','3, 8, 5, 9, 7, 10, 1, 6, 2'),(40,'ac.eleifend@adipiscinglobortisrisus.edu','5');
INSERT INTO `user` (`id`,`login`,`wish_list`) VALUES (41,'arcu.iaculis.enim@sed.edu','10, 5, 1, 8'),(42,'ante.iaculis.nec@egestasDuis.ca','3, 7, 8, 1, 9, 5, 2, 4, 6'),(43,'interdum@nibhvulputatemauris.co.uk','9'),(44,'nibh.vulputate@venenatisvelfaucibus.org',''),(45,'amet@lorem.com','2, 3, 8, 7, 10'),(46,'rutrum.justo@eget.co.uk','10, 4, 2'),(47,'non.justo.Proin@egestasligula.com','4, 1, 3, 10, 6, 2, 5'),(48,'fringilla.purus@CuraePhasellus.com','7, 8, 10, 3, 4, 9, 2, 1, 6'),(49,'scelerisque@loremDonec.ca','2, 1, 5, 6, 9'),(50,'orci.in@vulputaterisusa.org','4, 5');
INSERT INTO `user` (`id`,`login`,`wish_list`) VALUES (51,'ligula.tortor.dictum@loremsit.net','9, 10, 3, 2, 5'),(52,'porttitor.scelerisque.neque@eu.com','10, 3, 7, 8, 5, 6, 2, 9'),(53,'eleifend.non.dapibus@ipsumSuspendisse.org','1, 8'),(54,'nisi.Mauris@diam.co.uk','7, 1'),(55,'Nam.interdum@aliquameros.org','7, 4, 5, 9, 1, 6, 3, 2, 10, 8'),(56,'cursus.vestibulum.Mauris@acorci.org','3, 10, 4, 8, 7, 2, 6, 5, 9, 1'),(57,'blandit.enim@lacus.net','4, 7, 9, 10, 3'),(58,'turpis.Nulla.aliquet@nec.com','10, 6, 2, 9, 1, 3, 7, 8, 4'),(59,'porttitor.scelerisque@Aenean.com','3, 8, 9, 4, 10, 7, 5'),(60,'ultrices.Duis.volutpat@temporeratneque.edu','2, 9, 10, 8, 1, 3, 4, 7, 6');
INSERT INTO `user` (`id`,`login`,`wish_list`) VALUES (61,'Donec.felis@auctorMaurisvel.com','4, 8, 5'),(62,'imperdiet.ornare.In@aaliquetvel.com','4, 6, 1, 8, 7, 5, 9'),(63,'eget@eueuismod.net','1, 10, 4, 5, 8'),(64,'malesuada@nasceturridiculusmus.org','8, 3, 9, 6, 2, 7, 5'),(65,'pretium.aliquet@ut.com','9'),(66,'Class.aptent@arcuNuncmauris.edu',''),(67,'a@volutpatnuncsit.ca','10, 9, 8, 7'),(68,'Nunc.ac.sem@mauriseuelit.com','8, 10, 7, 6, 3, 4, 1, 2, 9'),(69,'ultrices.posuere@idsapien.org','1, 2, 5, 10'),(70,'faucibus.id.libero@risus.ca','2, 8, 4, 5, 1, 10, 3');
INSERT INTO `user` (`id`,`login`,`wish_list`) VALUES (71,'pede.malesuada.vel@gravidasit.com','8, 10, 6, 7, 5, 4'),(72,'massa@nonummyipsum.ca','7, 10, 1, 8, 4, 9'),(73,'sit.amet.dapibus@pede.com','2, 4, 1, 8, 9, 5, 10, 6, 3'),(74,'mauris.sagittis@molestie.net','10'),(75,'Suspendisse@vitae.net','6, 8, 1, 9, 5, 3, 4'),(76,'tincidunt.orci.quis@lacus.net','8, 10'),(77,'mollis@molestietellus.com','9, 8, 10, 2, 1'),(78,'risus@et.com','10, 9, 1'),(79,'purus.Duis.elementum@Aliquamfringillacursus.net','9, 2, 8, 3, 6, 10, 1, 4, 7, 5'),(80,'et.malesuada.fames@atpede.edu','6, 1, 2, 5, 9, 3, 4');
INSERT INTO `user` (`id`,`login`,`wish_list`) VALUES (81,'elit@disparturientmontes.edu',''),(82,'magnis.dis@vestibulummassarutrum.org','2, 9, 1'),(83,'sem@nunc.com','5'),(84,'metus.facilisis@Curabitur.ca','7, 6, 1, 2'),(85,'Nam.tempor@sedfacilisisvitae.edu','1, 2, 6, 8'),(86,'tellus@antedictumcursus.net','4, 3, 5, 7, 6'),(87,'nisi.Mauris.nulla@amagna.com',''),(88,'Cras.eu@tortordictumeu.com',''),(89,'luctus.ut.pellentesque@Quisqueornare.co.uk','1, 7, 5, 2, 3'),(90,'dignissim@ametconsectetuer.org','3, 5, 6, 1, 9, 7, 4, 2, 8');
INSERT INTO `user` (`id`,`login`,`wish_list`) VALUES (91,'lacus.Aliquam.rutrum@nec.edu','3, 7, 6, 2'),(92,'libero.Proin@leoelementumsem.org','8, 1, 10, 3, 7, 5, 9, 2, 4'),(93,'vitae.odio.sagittis@magnaUt.net','1, 6'),(94,'Morbi@imperdietornareIn.ca','5, 8, 9, 3, 1, 7, 6'),(95,'porttitor@vitaeorci.net','8, 4, 6, 1, 2, 9, 3, 5'),(96,'ipsum.nunc.id@felis.com','10, 7, 9, 3, 6, 2, 5, 8, 1'),(97,'mauris@Vivamusmolestiedapibus.com','8, 2, 1, 4, 5'),(98,'sapien@aultriciesadipiscing.com',''),(99,'arcu.vel@eueleifendnec.com','2, 5, 6, 4, 3, 7, 10, 8'),(100,'mauris.sit@nisinibhlacinia.org','1, 5, 4, 7, 9, 2, 3');

-- ------------------------------

# update `hotel` set `image_url` = 'https://user-images.githubusercontent.com/59721293/119637902-3d593780-be6a-11eb-89b2-b6e61ef28b1d.png, https://www.thespruce.com/thmb/EvdqR5HNV6Ev9RBv8qGqHNE8DoM=/3636x2045/smart/filters:no_upscale()/how-to-arrange-living-room-furniture-1976578-hero-c99074dcad854b669b91652046a39203.jpg, https://cdn.styleblueprint.com/wp-content/uploads/2015/12/SB-ATL-ZookHome-9-e1538165814448.jpg, https://hips.hearstapps.com/hmg-prod.s3.amazonaws.com/images/bedroom-makeover-ideas-built-in-bed-1604596141.jpg, https://room-matehotels.com/images/img/filippo/principales/slider_02small.jpg, https://hips.hearstapps.com/hmg-prod.s3.amazonaws.com/images/family-room-ideas-hbx0613000a-1611614336.jpg, https://media-cdn.tripadvisor.com/media/photo-s/13/d8/ea/1b/a-room-at-the-beach.jpg'
#
# update `host` set `avatar_url` = 'https://avatars.githubusercontent.com/u/59721293?v=4'
